-- phpMyAdmin SQL Dump
-- version 4.7.7
-- https://www.phpmyadmin.net/
--
-- Host: localhost
-- Generation Time: Jun 11, 2018 at 10:18 AM
-- Server version: 5.6.38
-- PHP Version: 7.0.25

SET SQL_MODE = "NO_AUTO_VALUE_ON_ZERO";
SET AUTOCOMMIT = 0;
START TRANSACTION;
SET time_zone = "+00:00";


/*!40101 SET @OLD_CHARACTER_SET_CLIENT=@@CHARACTER_SET_CLIENT */;
/*!40101 SET @OLD_CHARACTER_SET_RESULTS=@@CHARACTER_SET_RESULTS */;
/*!40101 SET @OLD_COLLATION_CONNECTION=@@COLLATION_CONNECTION */;
/*!40101 SET NAMES utf8mb4 */;

--
-- Database: `appv1`
--

-- --------------------------------------------------------

--
-- Table structure for table `categories`
--

CREATE TABLE `categories` (
  `id` int(11) NOT NULL,
  `title` varchar(255) NOT NULL,
  `en_title` varchar(255) NOT NULL,
  `description` varchar(255) NOT NULL,
  `en_description` varchar(255) NOT NULL,
  `status` tinyint(4) NOT NULL DEFAULT '0',
  `image` varchar(255) NOT NULL,
  `created_date` datetime NOT NULL DEFAULT CURRENT_TIMESTAMP,
  `updated_date` datetime NOT NULL DEFAULT CURRENT_TIMESTAMP ON UPDATE CURRENT_TIMESTAMP
) ENGINE=InnoDB DEFAULT CHARSET=utf8;

--
-- Dumping data for table `categories`
--

INSERT INTO `categories` (`id`, `title`, `en_title`, `description`, `en_description`, `status`, `image`, `created_date`, `updated_date`) VALUES
(9, 'مطاعم ', 'fff', 'مآكولات وجميع ما تشتهي النفس هنا ', 'مآكولات وجميع ما تشتهي النفس هنا ', 1, 'category.png', '2018-05-20 03:20:12', '2018-05-30 13:10:19'),
(10, 'وكالات سفر ', 'وكالات سفر ', 'وكالات السفر المحلية والعالمية', 'وكالات السفر المحلية والعالمية', 1, '1527683315.jpg', '2018-05-30 12:28:35', '2018-05-30 12:28:35'),
(11, 'وظائف', 'وظائف', 'جميع الوظائف للقطاع الخاص', 'جميع الوظائف للقطاع الخاص', 1, '1527685552.png', '2018-05-30 13:05:52', '2018-05-30 13:05:52'),
(12, 'التجارة الاكترونية', 'افضل انواع التبادل الاكتروني ', 'افضل انواع التبادل الاكتروني ', 'التجارة الاكترونية', 1, '1527685594.png', '2018-05-30 13:06:34', '2018-05-30 13:06:34'),
(13, 'معاهد خاصة', 'معاهد خاصة', 'جميع المعاهد متوفر هنا ', 'جميع المعاهد متوفر هنا ', 1, '1527686038.png', '2018-05-30 13:13:28', '2018-05-30 13:13:58'),
(14, 'مراكز ايجار سيارات', 'مراكز ايجار سيارات', 'مراكز ايجار سيارات', 'مراكز ايجار سيارات', 1, '1527686129.png', '2018-05-30 13:15:29', '2018-05-30 13:15:29'),
(15, 'مطلوب ', 'افضل انواع التبادل الاكتروني ', 'افضل انواع التبادل الاكتروني ', 'افضل انواع التبادل الاكتروني ', 1, '1527748915.png', '2018-05-31 06:41:55', '2018-05-31 06:41:55');

-- --------------------------------------------------------

--
-- Table structure for table `images`
--

CREATE TABLE `images` (
  `id` int(11) NOT NULL,
  `name` varchar(255) NOT NULL,
  `type` tinyint(4) NOT NULL,
  `path` varchar(255) NOT NULL,
  `category_id` int(11) DEFAULT NULL,
  `subcategory_id` int(11) DEFAULT NULL,
  `status` int(11) NOT NULL,
  `size` varchar(255) NOT NULL,
  `created_date` datetime NOT NULL DEFAULT CURRENT_TIMESTAMP,
  `updated_date` datetime NOT NULL DEFAULT CURRENT_TIMESTAMP ON UPDATE CURRENT_TIMESTAMP
) ENGINE=InnoDB DEFAULT CHARSET=utf8;

--
-- Dumping data for table `images`
--

INSERT INTO `images` (`id`, `name`, `type`, `path`, `category_id`, `subcategory_id`, `status`, `size`, `created_date`, `updated_date`) VALUES
(1, '31190021_2032907173617873_620001777835573248_n.jpg', 1, 'http://127.0.0.1:8000/uploads/profile_images/1525320984.jpg', NULL, NULL, 1, '23669', '2018-05-03 07:16:24', '2018-05-03 07:16:24'),
(2, '31190021_2032907173617873_620001777835573248_n.jpg', 1, 'http://127.0.0.1:8000/uploads/profile_images/1525321090.jpg', NULL, NULL, 1, '23669', '2018-05-03 07:18:10', '2018-05-03 07:18:10'),
(3, '31190021_2032907173617873_620001777835573248_n.jpg', 1, 'http://127.0.0.1:8000/uploads/profile_images/1525321490.jpg', NULL, NULL, 1, '23669', '2018-05-03 07:24:50', '2018-05-03 07:24:50'),
(4, '31190021_2032907173617873_620001777835573248_n.jpg', 1, 'http://127.0.0.1:8000/uploads/profile_images/1525321903.jpg', NULL, NULL, 1, '23669', '2018-05-03 07:31:43', '2018-05-03 07:31:43'),
(5, 'j (1).jpg', 1, 'http://13.59.32.107/uploads/profile_images/1525448354.jpg', NULL, NULL, 1, '104148', '2018-05-04 15:39:14', '2018-05-04 15:39:14'),
(6, 'j (1).jpg', 1, 'http://13.59.32.107/uploads/profile_images/1525448367.jpg', NULL, NULL, 1, '104148', '2018-05-04 15:39:27', '2018-05-04 15:39:27'),
(7, 'j (1).jpg', 1, 'http://13.59.32.107/apps/legita/uploads/profile_images/1525448558.jpg', NULL, NULL, 1, '104148', '2018-05-04 15:42:38', '2018-05-04 15:42:38'),
(8, 'j (1).jpg', 1, 'http://13.59.32.107/apps/legita/public/uploads/profile_images/1525448913.jpg', NULL, NULL, 1, '104148', '2018-05-04 15:48:33', '2018-05-04 15:48:33'),
(9, 'j (1).jpg', 1, 'http://13.59.32.107/apps/legita/public/uploads/profile_images/1525448953.jpg', NULL, NULL, 1, '104148', '2018-05-04 15:49:13', '2018-05-04 15:49:13'),
(10, 'j (1).jpg', 1, 'http://13.59.32.107/apps/legita/public/uploads/profile_images/1525449075.jpg', NULL, NULL, 1, '104148', '2018-05-04 15:51:15', '2018-05-04 15:51:15'),
(11, 'j (1).jpg', 1, 'http://13.59.32.107/apps/legita/public/uploads/profile_images/1525449467.jpg', NULL, NULL, 1, '104148', '2018-05-04 15:57:47', '2018-05-04 15:57:47');

-- --------------------------------------------------------

--
-- Table structure for table `items`
--

CREATE TABLE `items` (
  `id` int(11) NOT NULL,
  `subcategory_id` int(11) NOT NULL,
  `title` varchar(255) CHARACTER SET utf8 NOT NULL,
  `description` varchar(255) CHARACTER SET utf8 NOT NULL,
  `price` varchar(255) CHARACTER SET utf8 DEFAULT NULL,
  `currency` varchar(255) CHARACTER SET utf8 DEFAULT NULL,
  `status` tinyint(4) NOT NULL DEFAULT '0',
  `image` varchar(255) CHARACTER SET utf8 NOT NULL,
  `created_date` timestamp NOT NULL DEFAULT CURRENT_TIMESTAMP,
  `updated_date` timestamp NOT NULL DEFAULT CURRENT_TIMESTAMP ON UPDATE CURRENT_TIMESTAMP,
  `merchant_id` int(11) NOT NULL
) ENGINE=InnoDB DEFAULT CHARSET=latin1;

--
-- Dumping data for table `items`
--

INSERT INTO `items` (`id`, `subcategory_id`, `title`, `description`, `price`, `currency`, `status`, `image`, `created_date`, `updated_date`, `merchant_id`) VALUES
(1, 1, 'items test 1', 'test iitems number 1', '200', 'SDG', 1, '', '2018-05-09 15:16:25', '2018-05-09 15:16:25', 0),
(2, 1, 'items test 1', 'test iitems number 1', '200', 'SDG', 1, '', '2018-05-09 15:16:29', '2018-05-09 15:16:29', 0),
(3, 1, 'items test 2', 'test iitems tester 1', '400', 'SDG', 1, '', '2018-05-09 15:16:49', '2018-05-09 15:16:49', 0),
(4, 3, 'shavhbdhdhdhjd', 'aaaaaaaaaaaa', '3323', 'SDG', 1, '', '2018-05-12 18:58:38', '2018-05-12 19:20:32', 0),
(5, 2, 'shavhbdhdhdhjd', 'aaaaaaaaaaaa', '3323', 'SDG', 1, '', '2018-05-12 18:58:51', '2018-05-12 18:58:51', 0),
(6, 4, 'aaaaaaaaa', 'wwwwww', '3434', 'SDG', 1, '', '2018-05-12 19:20:54', '2018-05-12 19:20:54', 0),
(7, 4, 'aaaaaaaaa', 'wwwwww', '3434', 'SDG', 1, '', '2018-05-12 19:20:58', '2018-05-12 19:20:58', 0),
(9, 3, 'xxxxxx', 'cvvvvvv', '444444', NULL, 0, '', '2018-05-15 21:04:35', '2018-05-19 17:22:17', 45),
(10, 3, 'gd', 'erge', '43', 'SDG', 1, '', '2018-05-15 21:05:26', '2018-05-15 21:05:26', 45),
(11, 3, 'gd', 'erge', '438', 'SDG', 1, '', '2018-05-15 21:05:49', '2018-05-15 21:05:49', 45),
(12, 3, 'gd', 'erge', '438', 'SDG', 1, 'item.png', '2018-05-15 21:35:30', '2018-05-15 21:35:30', 45),
(13, 3, 'gd', 'erge', '438', 'SDG', 1, 'item.png', '2018-05-15 21:36:21', '2018-05-15 21:36:21', 45),
(14, 3, 'gd', 'erge', '438', 'SDG', 1, 'item.png', '2018-05-15 21:37:16', '2018-05-15 21:37:16', 45),
(15, 3, 'gd', 'erge', '438', 'SDG', 1, 'item.png', '2018-05-15 21:37:34', '2018-05-15 21:37:34', 45),
(16, 3, 'gd', 'erge', '438', 'SDG', 1, 'item.png', '2018-05-15 21:38:30', '2018-05-15 21:38:30', 45),
(17, 3, 'gd', 'erge', '438', 'SDG', 1, '1526420437.png', '2018-05-15 21:40:37', '2018-05-15 21:40:37', 45),
(18, 3, 'gd', 'erge', '438', 'SDG', 1, 'item.png', '2018-05-15 21:43:15', '2018-05-15 21:43:15', 45),
(19, 4, 'name', 'desc', 'price', 'SDG', 1, '1526420795.jpg', '2018-05-15 21:46:35', '2018-05-15 21:46:35', 43),
(20, 3, 'gd', 'erge', '438', 'SDG', 1, 'item.png', '2018-05-15 21:48:51', '2018-05-15 21:48:51', 45),
(21, 3, 'gd', 'erge', '438', 'SDG', 1, '1526421089.png', '2018-05-15 21:51:29', '2018-05-15 21:51:29', 45),
(22, 3, 'gd', 'erge', '438', 'SDG', 1, '1526421265.png', '2018-05-15 21:54:25', '2018-05-15 21:54:25', 45),
(24, 9, 'hello', 'hi', '48', 'SDG', 0, '1526691187.jpg', '2018-05-19 00:53:07', '2018-05-19 02:05:31', 43),
(25, 9, 'te', 'te', 'te', 'SDG', 0, '1526695698.jpg', '2018-05-19 02:08:18', '2018-05-19 02:08:52', 43),
(26, 12, 'hello', 'hi', '66', 'SDG', 1, '1526696546.jpg', '2018-05-19 02:22:26', '2018-05-19 02:22:26', 43),
(27, 9, 'hello', 'its', '66', 'SDG', 1, '1526697532.jpg', '2018-05-19 02:38:52', '2018-05-19 02:38:52', 81),
(30, 12, 'sand', 'which', '777', 'SDG', 1, '1526777524.jpg', '2018-05-20 00:52:04', '2018-05-20 00:52:04', 84),
(31, 12, 'heloo', 'ijikj', '777', 'SDG', 1, '1526777733.jpg', '2018-05-20 00:55:33', '2018-05-20 00:55:33', 84),
(32, 20, 'فول', 'جدقد', '5', 'SDG', 1, '1526778825.jpg', '2018-05-20 01:13:45', '2018-05-20 01:21:34', 83),
(33, 21, 'عدة', 'تعارف', '44', 'SDG', 1, '1526780122.jpg', '2018-05-20 01:35:22', '2018-05-20 01:35:22', 83),
(34, 22, 'جداد', 'مشوي بالطريقة اليابانية', '100', 'SDG', 1, '1526786542.jpg', '2018-05-20 03:22:22', '2018-05-20 03:25:22', 85),
(35, 22, 'الجديد', 'tesy', '200', 'SDG', 1, '1526786616.jpg', '2018-05-20 03:23:36', '2018-05-20 03:23:36', 85),
(36, 24, '4344', 'try', 'free', 'SDG', 1, '1526788491.jpg', '2018-05-20 03:54:51', '2018-05-20 03:54:51', 86),
(37, 21, 'huhh', 'hhhhh', '2000', 'SDG', 1, '1526788524.jpg', '2018-05-20 03:55:24', '2018-05-20 03:55:24', 86),
(38, 26, 'شاي', 'جديد', '66', 'SDG', 1, '1526946087.jpg', '2018-05-21 23:41:27', '2018-05-21 23:41:27', 84),
(40, 22, 'تست', 'هلا', '54', 'SDG', 1, '1527272773.jpg', '2018-05-25 18:26:13', '2018-05-25 18:26:13', 84),
(41, 22, 'زوة', 'لرتت', 'روةة', 'SDG', 1, '1527284754.jpg', '2018-05-25 21:45:54', '2018-05-25 21:45:54', 88),
(42, 22, 'اررر', 'تزاا', '2000', 'SDG', 1, '1527285142.jpg', '2018-05-25 21:52:22', '2018-05-25 21:52:22', 88),
(43, 22, 'vcg', 'hvvv', '200', 'SDG', 1, '1527285200.jpg', '2018-05-25 21:53:20', '2018-05-25 21:53:20', 88),
(44, 22, 'bvg', 'vvvvv', 'vcvg', 'SDG', 1, '1527285218.jpg', '2018-05-25 21:53:38', '2018-05-25 21:53:38', 88),
(45, 22, 'hcvv', 'bvvv', '400', 'SDG', 1, '1527285493.jpg', '2018-05-25 21:58:13', '2018-05-25 21:58:13', 88),
(46, 27, 'gcg', 'vgg', '400', 'SDG', 1, 'item.png', '2018-05-25 22:00:47', '2018-05-25 22:00:47', 88),
(47, 29, 'chv', 'vgvv', '30', 'SDG', 1, '1527285974.jpg', '2018-05-25 22:06:14', '2018-05-25 22:06:14', 88),
(48, 29, 'nn', 'hbb', '79', 'SDG', 1, '1527285993.jpg', '2018-05-25 22:06:33', '2018-05-25 22:06:33', 88),
(50, 27, 'hi', 'hi', '77', 'SDG', 1, '1527537162.jpg', '2018-05-28 19:52:42', '2018-05-28 19:52:42', 84),
(51, 30, 'vvb', 'vcvvv', '300', 'SDG', 1, '1527540935.jpg', '2018-05-28 20:55:35', '2018-05-28 20:55:35', 89),
(52, 31, 'g', 'h', 'g', 'SDG', 1, '1527544839.jpg', '2018-05-28 22:00:39', '2018-05-28 22:00:39', 90),
(53, 32, 'hi', 'there', '65', 'SDG', 1, '1527566908.jpg', '2018-05-29 04:08:28', '2018-05-29 04:08:28', 92),
(54, 33, 'فطيرة. بلحم الجداد', 'فطائرة بلحوم الفراخوالابيض _ كبيرة الحجم', '200', 'SDG', 1, '1527683126.jpg', '2018-05-30 12:25:26', '2018-05-30 12:25:26', 96),
(55, 33, 'بيتزا كورثينا', 'بيتزا سباير من ابداع كورثينا', '100', 'SDG', 1, '1527683233.jpg', '2018-05-30 12:27:13', '2018-05-30 12:27:13', 96),
(56, 33, 'عصيرة البراري', 'مظبول ومعدل', '70', 'SDG', 1, '1527686560.jpg', '2018-05-30 13:22:40', '2018-05-30 13:22:40', 96),
(57, 33, 'تيست ساي', 'جديد وشهي', '99', 'SDG', 1, '1527686713.jpg', '2018-05-30 13:25:13', '2018-05-30 13:25:13', 96),
(58, 22, 'xxx', 'xxxxx', '322', 'SDG', 1, '1527687022.png', '2018-05-30 13:30:22', '2018-05-30 13:30:22', 88),
(59, 38, 'xxx', 'xxxxx', '322', 'SDG', 1, '1527687085.png', '2018-05-30 13:31:25', '2018-05-30 13:31:25', 88),
(60, 39, 'بيض', 'بالطوة', '55', 'SDG', 1, '1527707826.jpg', '2018-05-30 19:17:06', '2018-05-30 19:17:06', 84),
(61, 39, 'هلا', 'شباب', '66', 'SDG', 1, '1527745797.jpg', '2018-05-31 05:49:57', '2018-05-31 05:49:57', 84),
(62, 39, 'ا', 'ا', 'عع', 'SDG', 1, '1527746123.jpg', '2018-05-31 05:55:23', '2018-05-31 05:55:23', 84),
(63, 39, 'حسن', 'عمر', '12', 'SDG', 1, '1527747801.jpg', '2018-05-31 06:23:21', '2018-05-31 06:23:21', 84),
(65, 40, 'ايتم', 'ايتم', '55', 'SDG', 1, '1528070902.jpg', '2018-06-04 00:08:22', '2018-06-04 00:08:22', 102),
(66, 41, 'اها', 'كيف', '55', 'SDG', 1, '1528073543.jpg', '2018-06-04 00:52:23', '2018-06-04 00:52:23', 111),
(67, 41, 'توكن', 'لا', '55', 'SDG', 1, '1528073589.jpg', '2018-06-04 00:53:09', '2018-06-04 00:53:09', 111),
(68, 41, 'هلا', 'شباب', '55', 'SDG', 1, '1528073829.jpg', '2018-06-04 00:57:09', '2018-06-04 00:57:09', 111),
(69, 38, 'xxx', 'xxxxx', '322', 'SDG', 1, 'item.png', '2018-06-04 00:59:57', '2018-06-04 00:59:57', 88),
(70, 38, 'xxx', 'xxxxx', '322', 'SDG', 1, 'item.png', '2018-06-04 01:03:29', '2018-06-04 01:03:29', 111),
(71, 38, 'xxx', 'xxxxx', '322', 'SDG', 1, 'item.png', '2018-06-04 01:04:25', '2018-06-04 01:04:25', 111),
(72, 38, 'xxx', 'xxxxx', '322', 'SDG', 1, 'item.png', '2018-06-04 01:05:10', '2018-06-04 01:05:10', 111),
(73, 38, 'xxx', 'xxxxx', '322', 'SDG', 1, 'item.png', '2018-06-04 01:09:31', '2018-06-04 01:09:31', 111),
(74, 38, 'xxx', 'xxxxx', '322', 'SDG', 1, 'item.png', '2018-06-04 01:10:14', '2018-06-04 01:10:14', 111),
(75, 38, 'xxx', 'xxxxx', '322', 'SDG', 1, 'item.png', '2018-06-04 01:11:01', '2018-06-04 01:11:01', 111),
(76, 38, 'xxx', 'xxxxx', '322', 'SDG', 1, 'item.png', '2018-06-04 01:11:40', '2018-06-04 01:11:40', 111),
(77, 38, 'xxx', 'xxxxx', '322', 'SDG', 1, 'item.png', '2018-06-04 01:11:50', '2018-06-04 01:11:50', 111),
(78, 41, 'جديد', 'لا', '44', 'SDG', 1, '1528074891.jpg', '2018-06-04 01:14:52', '2018-06-04 01:14:52', 111),
(79, 41, 'عنصر', 'جديد', 'مجان', 'SDG', 1, '1528075019.jpg', '2018-06-04 01:16:59', '2018-06-04 01:16:59', 111),
(80, 40, 'الان', 'عنصر', '77', 'SDG', 1, '1528077015.jpg', '2018-06-04 01:50:15', '2018-06-04 01:50:15', 102);

-- --------------------------------------------------------

--
-- Table structure for table `orders`
--

CREATE TABLE `orders` (
  `id` int(11) NOT NULL,
  `category_id` int(11) DEFAULT NULL,
  `subcategory_id` int(11) DEFAULT NULL,
  `user_id` int(11) DEFAULT NULL,
  `merchant_id` int(11) DEFAULT NULL,
  `status` tinyint(4) DEFAULT '0' COMMENT 'يعني لو 0=بانتظار التنفيذ ،  1= جاري التنفيذ , 2 = مكتمل , 3 =  ملغي',
  `created_date` datetime NOT NULL DEFAULT CURRENT_TIMESTAMP,
  `updated_date` datetime NOT NULL DEFAULT CURRENT_TIMESTAMP ON UPDATE CURRENT_TIMESTAMP,
  `comment` varchar(255) CHARACTER SET utf8 COLLATE utf8_german2_ci DEFAULT NULL,
  `item_id` int(11) DEFAULT NULL
) ENGINE=InnoDB DEFAULT CHARSET=latin1;

--
-- Dumping data for table `orders`
--

INSERT INTO `orders` (`id`, `category_id`, `subcategory_id`, `user_id`, `merchant_id`, `status`, `created_date`, `updated_date`, `comment`, `item_id`) VALUES
(3, 2, 1, 43, 1, 1, '2018-05-10 18:47:45', '2018-05-19 19:22:36', 'hello', 1),
(4, 2, 1, 43, 1, 1, '2018-05-10 18:52:13', '2018-05-19 19:22:36', 'uuuyhuu', 1),
(5, 43, 4, 43, 1, 1, '2018-05-13 00:34:00', '2018-05-19 19:22:36', 'thanks', 6),
(6, 43, 4, 60, 1, 1, '2018-05-13 01:42:02', '2018-05-19 19:22:36', 'شكرا', 6),
(7, 43, 2, 61, 2, 1, '2018-05-13 08:02:14', '2018-05-19 19:22:36', 'hgzzg', 5),
(8, 43, 4, 62, 1, 1, '2018-05-13 08:35:58', '2018-05-19 19:22:36', 'فراخ مشوي', 6),
(9, 43, 4, 60, 1, 1, '2018-05-13 15:21:14', '2018-05-19 19:22:36', '', 6),
(10, 43, 4, 67, 1, 1, '2018-05-15 14:43:15', '2018-05-19 19:22:36', '.بيتزا \nسنورس فول', 6),
(11, 43, 4, 69, 1, 1, '2018-05-15 19:05:13', '2018-05-19 19:22:36', 'شاورما\nكباب\nليمون', 6),
(12, 71, 12, 81, 3, 1, '2018-05-19 05:12:30', '2018-05-19 19:22:36', 'u', 26),
(13, 43, 3, 43, 3, 1, '2018-05-19 19:14:03', '2018-05-19 19:22:36', '', 4),
(14, 43, 3, 43, 3, 1, '2018-05-19 19:17:46', '2018-05-19 19:22:36', '', 10),
(15, 3, 3, 43, 3, 1, '2018-05-19 19:32:18', '2018-05-19 19:36:24', '06270647', 10),
(16, 3, 3, 43, 43, 0, '2018-05-19 19:45:56', '2018-05-19 19:45:56', '', 10),
(17, 3, 3, 43, 43, 0, '2018-05-19 20:26:14', '2018-05-19 20:26:14', 'cc', 10),
(18, 3, 3, 43, 43, 0, '2018-05-19 20:27:16', '2018-05-19 20:27:16', 'cc', 10),
(19, 3, 3, 43, 43, 0, '2018-05-19 20:29:08', '2018-05-19 20:29:08', 'cc', 10),
(20, 3, 18, 84, 84, 0, '2018-05-19 23:07:28', '2018-05-19 23:07:28', '', 28),
(21, 3, 3, 84, 43, 0, '2018-05-19 23:16:54', '2018-05-19 23:16:54', 'hi', 4),
(22, 3, 3, 83, 43, 0, '2018-05-20 01:11:19', '2018-05-20 01:11:19', 'he', 4),
(23, 3, 21, 83, 83, 0, '2018-05-20 01:36:09', '2018-05-20 01:36:09', 'مرحبا', 33),
(24, 9, 22, 85, 85, 0, '2018-05-20 03:23:45', '2018-05-20 03:23:45', 'test', 35),
(25, 9, 22, 85, 85, 0, '2018-05-20 03:23:59', '2018-05-20 03:23:59', 'vvvv', 35),
(26, 3, 12, 85, 71, 0, '2018-05-20 03:24:13', '2018-05-20 03:24:13', 'ccc', 30),
(27, 3, 12, 85, 71, 0, '2018-05-20 03:24:19', '2018-05-20 03:24:19', 'vcgg', 26),
(28, 3, 12, 85, 71, 0, '2018-05-20 03:24:26', '2018-05-20 03:24:26', 'vvv', 26),
(29, 3, 12, 85, 71, 0, '2018-05-20 03:24:35', '2018-05-20 03:24:35', 'vccc', 30),
(30, 3, 12, 85, 71, 0, '2018-05-20 03:27:48', '2018-05-20 03:27:48', 'xxxxx', 30),
(31, 9, 22, 85, 85, 0, '2018-05-20 03:38:26', '2018-05-20 03:38:26', 'لللل', 35),
(32, 3, 21, 85, 83, 0, '2018-05-20 03:51:26', '2018-05-20 03:51:26', 'hi there', 33),
(33, 3, 24, 83, 85, 1, '2018-05-20 05:14:53', '2018-05-23 22:18:53', '', 36),
(34, 9, 22, 83, 85, 0, '2018-05-20 18:10:24', '2018-05-20 18:10:24', '', 34),
(35, 9, 22, 83, 85, 0, '2018-05-21 23:23:03', '2018-05-21 23:23:03', 'تست', 34),
(36, 9, 22, 85, 85, 0, '2018-05-21 23:44:48', '2018-05-21 23:44:48', 'hvghh', 35),
(37, 9, 22, 85, 85, 0, '2018-05-21 23:46:50', '2018-05-21 23:46:50', 'dddxxxd', 35),
(38, 3, 3, 43, 43, 0, '2018-05-21 23:52:13', '2018-05-21 23:52:13', 'cc', 10),
(39, 9, 26, 84, 84, 0, '2018-05-22 04:34:30', '2018-05-22 04:34:30', '', 38),
(40, 9, 22, 84, 85, 0, '2018-05-22 04:34:53', '2018-05-22 04:34:53', '', 34),
(41, 9, 26, 84, 84, 0, '2018-05-22 05:20:17', '2018-05-22 05:20:17', '', 38),
(42, 9, 27, 84, 84, 3, '2018-05-23 20:16:10', '2018-05-25 02:49:26', '', 39),
(43, 9, 27, 84, 84, 2, '2018-05-25 03:07:31', '2018-05-25 19:42:25', '', 39),
(44, 9, 27, 84, 84, 1, '2018-05-25 03:08:05', '2018-05-25 21:38:05', '', 39),
(45, 9, 27, 84, 84, 3, '2018-05-25 03:08:15', '2018-05-28 19:57:45', '', 39),
(46, 9, 27, 84, 84, 0, '2018-05-25 03:09:24', '2018-05-25 03:09:24', 'g', 39),
(47, 9, 27, 84, 84, 0, '2018-05-25 03:12:49', '2018-05-25 03:12:49', 'g', 39),
(48, 9, 27, 84, 84, 0, '2018-05-25 03:14:05', '2018-05-25 03:14:05', 'u', 39),
(49, 9, 27, 84, 84, 0, '2018-05-25 03:16:34', '2018-05-25 03:16:34', 'vv', 39),
(50, 9, 27, 84, 84, 0, '2018-05-25 03:27:41', '2018-05-25 03:27:41', '', 39),
(51, 9, 27, 84, 84, 0, '2018-05-25 03:34:02', '2018-05-25 03:34:02', '', 39),
(52, 9, 27, 84, 84, 0, '2018-05-25 03:38:06', '2018-05-25 03:38:06', '', 39),
(53, 9, 27, 84, 84, 0, '2018-05-25 04:26:23', '2018-05-25 04:26:23', '', 39),
(54, 9, 27, 84, 84, 0, '2018-05-25 04:28:30', '2018-05-25 04:28:30', '', 39),
(55, 9, 27, 84, 84, 0, '2018-05-25 04:28:56', '2018-05-25 04:28:56', '', 39),
(56, 9, 27, 84, 84, 0, '2018-05-25 04:29:38', '2018-05-25 04:29:38', '', 39),
(57, 9, 27, 84, 84, 0, '2018-05-25 04:32:30', '2018-05-25 04:32:30', '', 39),
(58, 9, 27, 84, 84, 0, '2018-05-25 04:33:32', '2018-05-25 04:33:32', '', 39),
(59, 9, 27, 84, 84, 0, '2018-05-25 04:35:43', '2018-05-25 04:35:43', '', 39),
(60, 9, 27, 84, 84, 0, '2018-05-25 04:38:17', '2018-05-25 04:38:17', '', 39),
(61, 9, 27, 84, 84, 0, '2018-05-25 16:55:46', '2018-05-25 16:55:46', '', 39),
(62, 9, 27, 84, 84, 0, '2018-05-25 16:58:36', '2018-05-25 16:58:36', '', 39),
(63, 9, 27, 84, 84, 0, '2018-05-25 17:01:32', '2018-05-25 17:01:32', '', 39),
(64, 9, 27, 84, 84, 0, '2018-05-25 20:54:16', '2018-05-25 20:54:16', '', 39),
(65, 3, 12, 88, 71, 0, '2018-05-25 21:39:52', '2018-05-25 21:39:52', 'ادلا', 31),
(66, 9, 22, 88, 85, 0, '2018-05-25 22:04:50', '2018-05-25 22:04:50', 'vcvv', 45),
(67, 3, 21, 88, 83, 0, '2018-05-25 22:05:30', '2018-05-25 22:05:30', 'cvvv', 37),
(68, 3, 29, 88, 88, 3, '2018-05-25 22:06:36', '2018-05-25 22:07:09', '', 48),
(69, 9, 27, 84, 84, 0, '2018-05-26 04:23:42', '2018-05-26 04:23:42', '', 39),
(70, 9, 27, 84, 84, 0, '2018-05-26 06:03:15', '2018-05-26 06:03:15', '', 46),
(71, 9, 22, 84, 85, 0, '2018-05-28 19:49:10', '2018-05-28 19:49:10', '', 34),
(72, 9, 27, 84, 84, 0, '2018-05-28 19:49:21', '2018-05-28 19:49:21', '', 46),
(73, 9, 27, 84, 84, 0, '2018-05-28 19:50:10', '2018-05-28 19:50:10', '', 46),
(74, 9, 27, 84, 84, 3, '2018-05-28 19:55:36', '2018-05-29 03:39:28', '', 46),
(75, 9, 27, 84, 84, 0, '2018-05-28 19:57:16', '2018-05-28 19:57:16', '', 46),
(76, 9, 22, 84, 85, 0, '2018-05-28 19:58:38', '2018-05-28 19:58:38', '', 40),
(77, 9, 27, 84, 84, 0, '2018-05-28 19:59:03', '2018-05-28 19:59:03', '', 49),
(78, 9, 22, 1, 85, 0, '2018-05-28 20:52:51', '2018-05-28 20:52:51', 'gcfg', 40),
(79, 3, 29, 1, 88, 0, '2018-05-28 20:53:43', '2018-05-28 20:53:43', 'ddd', 48),
(80, 9, 22, 84, 85, 0, '2018-05-28 20:54:04', '2018-05-28 20:54:04', '', 41),
(81, 9, 27, 84, 84, 0, '2018-05-28 20:54:15', '2018-05-28 20:54:15', '', 46),
(82, 9, 30, 89, 89, 3, '2018-05-28 20:55:49', '2018-05-28 20:56:21', 'fcf', 51),
(83, 3, 29, 89, 88, 0, '2018-05-28 20:57:46', '2018-05-28 20:57:46', 'gcgg', 48),
(84, 9, 22, 84, 85, 0, '2018-05-28 21:57:25', '2018-05-28 21:57:25', '', 34),
(85, 9, 27, 84, 84, 0, '2018-05-28 21:57:45', '2018-05-28 21:57:45', '', 49),
(86, 9, 27, 90, 84, 0, '2018-05-28 21:59:20', '2018-05-28 21:59:20', '', 46),
(87, 9, 31, 84, 90, 0, '2018-05-28 22:00:51', '2018-05-28 22:00:51', '', 52),
(88, 9, 31, 84, 90, 0, '2018-05-28 22:01:19', '2018-05-28 22:01:19', '', 52),
(89, 9, 27, 84, 84, 0, '2018-05-28 22:35:25', '2018-05-28 22:35:25', '', 46),
(90, 9, 27, 84, 84, 0, '2018-05-28 22:35:43', '2018-05-28 22:35:43', 'jjj', 49),
(91, 9, 22, 84, 85, 0, '2018-05-29 03:40:35', '2018-05-29 03:40:35', '', 35),
(92, 9, 31, 84, 90, 0, '2018-05-29 03:40:46', '2018-05-29 03:40:46', '', 52),
(93, 9, 31, 84, 90, 0, '2018-05-29 04:01:27', '2018-05-29 04:01:27', '', 52),
(94, 9, 27, 84, 84, 0, '2018-05-29 04:06:26', '2018-05-29 04:06:26', '', 46),
(95, 3, 32, 92, 92, 0, '2018-05-29 04:08:31', '2018-05-29 04:08:31', '', 53),
(96, 9, 27, 92, 84, 0, '2018-05-29 04:09:53', '2018-05-29 04:09:53', '', 46),
(97, 3, 32, 92, 92, 0, '2018-05-29 04:10:48', '2018-05-29 04:10:48', 'hi', 53),
(98, 9, 27, 84, 84, 0, '2018-05-29 04:24:57', '2018-05-29 04:24:57', '', 50),
(99, 9, 27, 84, 84, 0, '2018-05-29 04:31:24', '2018-05-29 04:31:24', '', 46),
(100, 9, 27, 90, 84, 0, '2018-05-29 04:34:19', '2018-05-29 04:34:19', '', 46),
(101, 9, 31, 84, 90, 0, '2018-05-29 04:38:52', '2018-05-29 04:38:52', '', 52),
(102, 9, 27, 84, 84, 0, '2018-05-29 04:50:49', '2018-05-29 04:50:49', '', 46),
(103, 9, 27, 84, 84, 0, '2018-05-29 05:00:22', '2018-05-29 05:00:22', 'u', 46),
(104, 9, 27, 84, 84, 0, '2018-05-29 05:06:35', '2018-05-29 05:06:35', '', 46),
(105, 9, 27, 84, 84, 0, '2018-05-29 05:08:43', '2018-05-29 05:08:43', '', 46),
(106, 9, 27, 84, 84, 0, '2018-05-29 05:29:42', '2018-05-29 05:29:42', 'لا', 46),
(107, 9, 27, 84, 84, 0, '2018-05-29 15:53:02', '2018-05-29 15:53:02', '', 46),
(108, 9, 27, 84, 84, 0, '2018-05-30 02:01:24', '2018-05-30 02:01:24', '', 46),
(109, 9, 27, 84, 84, 0, '2018-05-30 02:17:31', '2018-05-30 02:17:31', '', 46),
(110, 3, 32, 95, 92, 0, '2018-05-30 12:19:54', '2018-05-30 12:19:54', 'tesg', 53),
(111, 9, 38, 96, 96, 2, '2018-05-31 06:44:46', '2018-05-31 06:46:31', 'تيست', 64),
(112, 9, 33, 100, 96, 0, '2018-05-31 06:51:18', '2018-05-31 06:51:18', 'اريد هذه الخدمة مجانا هل يمكن ?', 54),
(113, 9, 33, 96, 96, 0, '2018-05-31 10:07:59', '2018-05-31 10:07:59', 'ورات', 54),
(114, 9, 39, 84, 84, 0, '2018-06-01 04:00:22', '2018-06-01 04:00:22', '', 60),
(115, 9, 40, 102, 102, 3, '2018-06-04 00:08:30', '2018-06-04 03:02:46', 'هلا', 65),
(116, 9, 40, 102, 102, 0, '2018-06-04 00:08:49', '2018-06-04 00:08:49', '', 65),
(117, 9, 40, 102, 102, 3, '2018-06-04 00:10:19', '2018-06-04 00:12:11', '', 65),
(118, 9, 41, 111, 111, 0, '2018-06-04 00:52:28', '2018-06-04 00:52:28', '', 66),
(119, 9, 41, 111, 111, 0, '2018-06-04 00:53:13', '2018-06-04 00:53:13', '', 67),
(120, 9, 41, 111, 111, 0, '2018-06-04 00:53:25', '2018-06-04 00:53:25', '', 66),
(121, 9, 41, 111, 111, 0, '2018-06-04 00:53:34', '2018-06-04 00:53:34', '', 67),
(122, 9, 41, 111, 111, 0, '2018-06-04 01:15:22', '2018-06-04 01:15:22', '', 78),
(123, 9, 41, 111, 111, 0, '2018-06-04 01:15:39', '2018-06-04 01:15:39', '', 78),
(124, 9, 41, 111, 111, 0, '2018-06-04 01:16:21', '2018-06-04 01:16:21', '', 78),
(125, 9, 41, 111, 111, 0, '2018-06-04 01:17:07', '2018-06-04 01:17:07', '', 79),
(126, 9, 41, 96, 111, 0, '2018-06-04 01:17:19', '2018-06-04 01:17:19', 'gcgv', 66),
(127, 9, 41, 96, 111, 0, '2018-06-04 01:18:13', '2018-06-04 01:18:13', 'gcgb', 66),
(128, 9, 41, 111, 111, 0, '2018-06-04 01:18:20', '2018-06-04 01:18:20', '', 79),
(129, 9, 41, 111, 111, 0, '2018-06-04 01:19:10', '2018-06-04 01:19:10', '', 79),
(130, 9, 41, 111, 111, 0, '2018-06-04 01:19:57', '2018-06-04 01:19:57', 'هلا', 78),
(131, 9, 40, 102, 102, 0, '2018-06-04 03:02:09', '2018-06-04 03:02:09', '', 80);

-- --------------------------------------------------------

--
-- Table structure for table `subcategories`
--

CREATE TABLE `subcategories` (
  `id` int(11) NOT NULL,
  `category_id` int(11) DEFAULT NULL,
  `title` varchar(255) DEFAULT NULL,
  `description` varchar(255) NOT NULL,
  `status` tinyint(4) NOT NULL DEFAULT '0',
  `merchant_id` int(11) DEFAULT NULL,
  `image` varchar(255) DEFAULT NULL,
  `created_date` datetime NOT NULL DEFAULT CURRENT_TIMESTAMP,
  `updated_date` datetime NOT NULL DEFAULT CURRENT_TIMESTAMP ON UPDATE CURRENT_TIMESTAMP
) ENGINE=InnoDB DEFAULT CHARSET=utf8;

--
-- Dumping data for table `subcategories`
--

INSERT INTO `subcategories` (`id`, `category_id`, `title`, `description`, `status`, `merchant_id`, `image`, `created_date`, `updated_date`) VALUES
(3, 3, 'hi', 'there', 1, 43, '1526173575.jpg', '2018-05-13 01:06:15', '2018-05-19 17:21:43'),
(11, 2, 'tesy33', 'tesyygs', 1, 61, '1526198476.jpg', '2018-05-13 08:01:16', '2018-05-13 08:01:16'),
(12, 3, 'سنوتشات', 'فول 45\nطعني233', 1, 71, '1526454861.jpg', '2018-05-16 07:14:21', '2018-05-16 07:14:21'),
(13, 7, 'vvgh', 'ccvbbb', 1, 73, '1526505509.jpg', '2018-05-16 21:18:29', '2018-05-17 15:27:26'),
(14, 3, 'hi', 'there', 1, 43, '1526677614.jpg', '2018-05-18 21:06:54', '2018-05-18 21:06:54'),
(17, 3, 'helloooo', 'hi', 1, 81, '1526752952.jpg', '2018-05-19 18:02:32', '2018-05-19 18:03:06'),
(18, 3, 'new', 'jkhjhhj', 1, 84, '1526770661.jpg', '2018-05-19 22:57:41', '2018-05-19 22:57:41'),
(19, 3, 'hkkk', 'jjj', 1, 84, '1526777931.jpg', '2018-05-20 00:58:51', '2018-05-20 00:58:51'),
(21, 3, 'ملابس', 'مرحبا', 1, 83, '1526780099.jpg', '2018-05-20 01:34:59', '2018-05-20 01:58:03'),
(22, 9, 'علي بابا', 'مطعم علي بابا للمشويات', 1, 85, '1526786475.jpg', '2018-05-20 03:21:15', '2018-05-30 12:44:22'),
(23, 3, 'xxxxx', 'xxxxxxxx', 0, 85, '1526788325.jpg', '2018-05-20 03:52:05', '2018-05-23 20:01:57'),
(24, 3, 'bhhhh', 'hbbbnn', 1, 85, '1526788372.jpg', '2018-05-20 03:52:52', '2018-05-23 20:01:59'),
(28, 3, 'ازرذ', 'تررر', 1, 88, '1527284435.jpg', '2018-05-25 21:40:35', '2018-05-25 21:40:35'),
(29, 3, 'vvbb', 'bjj', 1, 88, '1527285949.jpg', '2018-05-25 22:05:49', '2018-05-25 22:05:49'),
(32, 3, 'hi', 'there', 1, 92, '1527566893.jpg', '2018-05-29 04:08:13', '2018-05-29 04:08:13'),
(33, 9, 'مطعم كورثينا الحديث', 'جميع انواع المأكولات والفطائر _ جوار البرج الحديث بالسوق  العربي', 1, 96, '1527683029.jpg', '2018-05-30 12:23:49', '2018-05-30 12:23:49'),
(34, 10, 'سافرون للسفر الجوي', 'وكالات سافرون للحج والعمرة', 1, 96, '1527683379.jpg', '2018-05-30 12:29:39', '2018-05-31 06:47:28'),
(35, 10, 'وكالة الميساف للسفر والسياحة', 'الميساق للسفر والسياحة المحلية والعالمية', 1, 96, '1527683486.jpg', '2018-05-30 12:31:26', '2018-05-30 12:31:26'),
(36, 9, 'المطعم السوري الحديث', 'المطعم السوري الحديث', 1, 96, '1527684301.jpg', '2018-05-30 12:45:01', '2018-05-31 06:47:13'),
(37, 9, 'مطعم لقيتا', 'لقيتا فن الطباخة السودانية', 1, 96, '1527684372.jpg', '2018-05-30 12:46:12', '2018-05-30 12:46:12'),
(38, 9, 'مطعم بوابة الفطائر', 'لجميع انواع الفطائر', 1, 96, '1527684454.jpg', '2018-05-30 12:47:34', '2018-05-30 12:47:34'),
(39, 9, 'مطعم السلام', 'للوجبات السريعة', 1, 84, '1527707803.jpg', '2018-05-30 19:16:43', '2018-05-30 19:16:43'),
(40, 9, 'تست', 'تست', 1, 102, '1528070885.jpg', '2018-06-04 00:08:05', '2018-06-04 00:08:05'),
(41, 9, 'هلا', 'شباب', 1, 111, '1528073530.jpg', '2018-06-04 00:52:10', '2018-06-04 00:52:10');

-- --------------------------------------------------------

--
-- Table structure for table `users`
--

CREATE TABLE `users` (
  `id` int(11) NOT NULL,
  `name` varchar(255) DEFAULT NULL,
  `email` varchar(255) DEFAULT NULL,
  `password` varchar(255) DEFAULT NULL,
  `latitude` varchar(255) DEFAULT NULL,
  `longitude` varchar(255) DEFAULT NULL,
  `address` varchar(255) DEFAULT NULL,
  `about` varchar(255) DEFAULT NULL,
  `profile_image` varchar(255) DEFAULT NULL,
  `tel` varchar(255) NOT NULL,
  `gender` tinyint(4) DEFAULT NULL,
  `status` tinyint(4) NOT NULL DEFAULT '1',
  `restPassword` varchar(255) DEFAULT NULL,
  `created_date` datetime NOT NULL DEFAULT CURRENT_TIMESTAMP,
  `updated_date` datetime NOT NULL DEFAULT CURRENT_TIMESTAMP ON UPDATE CURRENT_TIMESTAMP,
  `type` tinyint(4) DEFAULT NULL,
  `token` varchar(255) DEFAULT NULL
) ENGINE=InnoDB DEFAULT CHARSET=utf8;

--
-- Dumping data for table `users`
--

INSERT INTO `users` (`id`, `name`, `email`, `password`, `latitude`, `longitude`, `address`, `about`, `profile_image`, `tel`, `gender`, `status`, `restPassword`, `created_date`, `updated_date`, `type`, `token`) VALUES
(1, 'ali', 'ali@gmail.com', 'fcea920f7412b5da7be0cf42b8c93759', '12.33', '122.12', 'kartoum ', 'something about me', '1526051093.png', '0115913381', 0, 1, '', '2018-05-02 23:40:10', '2018-05-28 20:52:17', 0, '6f766ae2-37fc-4c64-ad31-7cf6df6e4825'),
(2, 'ali', 'ali@gmail.com', '123456', '12.33', '122.12', 'kartoum ', 'something about me', NULL, '0115913381', 0, 1, '', '2018-05-02 23:40:58', '2018-05-02 23:40:58', 1, NULL),
(3, 'ali', 'ali@gmail.com', '123456', '12.33', '122.12', 'kartoum ', 'something about me', NULL, '0115913381', 0, 1, '', '2018-05-02 23:41:02', '2018-05-02 23:41:02', 1, NULL),
(4, 'ali', 'osama@gmail.com', 'fcea920f7412b5da7be0cf42b8c93759', '32', 'dde', NULL, NULL, NULL, '33232322', 0, 0, '', '2018-05-03 00:14:11', '2018-05-03 00:14:11', 1, NULL),
(5, 'ali', 'osamsa@gmail.com', 'fcea920f7412b5da7be0cf42b8c93759', '32', 'dde', NULL, NULL, NULL, '33232322', 0, 0, '', '2018-05-03 06:42:03', '2018-05-03 06:42:03', 1, NULL),
(6, 'ali', 'osamssa@gmail.com', 'fcea920f7412b5da7be0cf42b8c93759', '32', 'dde', NULL, NULL, NULL, '33232322', 0, 0, '', '2018-05-03 06:42:31', '2018-05-03 06:42:31', 1, NULL),
(7, 'ali', 'osamsassa@gmail.com', 'fcea920f7412b5da7be0cf42b8c93759', '32', 'dde', NULL, NULL, NULL, '33232322', 0, 0, '', '2018-05-03 07:07:58', '2018-05-03 07:07:58', 1, NULL),
(8, 'ali', 'osamsassadd@gmail.com', 'fcea920f7412b5da7be0cf42b8c93759', '32', 'dde', NULL, NULL, NULL, '33232322', 0, 0, '', '2018-05-03 07:08:21', '2018-05-03 07:08:21', 1, NULL),
(9, 'ali', 'ossamsassadd@gmail.com', 'fcea920f7412b5da7be0cf42b8c93759', '32', 'dde', NULL, NULL, '2', '33232322', 0, 0, '', '2018-05-03 07:18:10', '2018-05-03 07:18:10', 1, NULL),
(10, 'ali', 'kalid@gmail.com', 'fcea920f7412b5da7be0cf42b8c93759', '32', 'dde', NULL, NULL, '3', '33232322', 0, 0, '', '2018-05-03 07:24:50', '2018-05-03 07:24:50', 1, NULL),
(11, 'ali', 'kalid2@gmail.com', 'fcea920f7412b5da7be0cf42b8c93759', '32', 'dde', NULL, NULL, '4', '33232322', 0, 0, '', '2018-05-03 07:31:43', '2018-05-03 07:31:43', 1, NULL),
(12, 'ali', 'kalid2e@gmail.com', 'fcea920f7412b5da7be0cf42b8c93759', '32', 'dde', NULL, NULL, NULL, '33232322', 0, 0, '', '2018-05-03 07:31:55', '2018-05-03 07:31:55', 1, NULL),
(13, 'ali', 'kalid2de@gmail.com', 'fcea920f7412b5da7be0cf42b8c93759', '32', 'dde', NULL, NULL, NULL, '33232322', 1, 0, '', '2018-05-03 07:32:37', '2018-05-03 07:32:37', 1, NULL),
(14, 'tester', 'test@gmail.com', '25d55ad283aa400af464c76d713c07ad', '32', 'dde', NULL, NULL, '1', '33232322', 1, 1, '', '2018-05-03 07:40:21', '2018-05-03 11:20:34', 1, NULL),
(15, 'tester', 'tesrwtd@gmail.com', '25d55ad283aa400af464c76d713c07ad', '32', 'dde', NULL, NULL, NULL, '33232322', 1, 0, NULL, '2018-05-04 15:23:49', '2018-05-04 15:23:49', 1, NULL),
(16, 'tester', 'tesssrwtd@gmail.com', '25d55ad283aa400af464c76d713c07ad', '32', 'dde', NULL, NULL, NULL, '33232322', 1, 0, NULL, '2018-05-04 15:37:48', '2018-05-04 15:37:48', 1, NULL),
(17, 'tester', 'tessssrwtd@gmail.com', '25d55ad283aa400af464c76d713c07ad', '32', 'dde', NULL, NULL, '5', '33232322', 1, 0, NULL, '2018-05-04 15:39:14', '2018-05-04 15:39:14', 1, NULL),
(18, 'tester', 'totheremail@gmail.com', '25d55ad283aa400af464c76d713c07ad', '32', 'dde', NULL, NULL, '6', '33232322', 1, 0, NULL, '2018-05-04 15:39:27', '2018-05-04 15:39:27', 1, NULL),
(19, 'tester', 'tothseremail@gmail.com', '25d55ad283aa400af464c76d713c07ad', '32', 'dde', NULL, NULL, '7', '33232322', 1, 0, NULL, '2018-05-04 15:42:38', '2018-05-04 15:42:38', 1, NULL),
(20, 'tester', 'tothsxxserxsemail@gmail.com', '25d55ad283aa400af464c76d713c07ad', '32', 'dde', NULL, NULL, '8', '33232322', 1, 0, NULL, '2018-05-04 15:48:33', '2018-05-04 15:48:33', 1, NULL),
(21, 'tester', 'totshsxxserxsemail@gmail.com', '25d55ad283aa400af464c76d713c07ad', '32', 'dde', NULL, NULL, '9', '33232322', 1, 0, NULL, '2018-05-04 15:49:13', '2018-05-04 15:49:13', 1, NULL),
(22, 'tester', 'totshsxdxserxsemail@gmail.com', '25d55ad283aa400af464c76d713c07ad', '32', 'dde', NULL, NULL, '10', '33232322', 1, 0, NULL, '2018-05-04 15:51:15', '2018-05-04 15:51:15', 1, NULL),
(23, 'tester', 'totshsxdxserxsemail@gmail.com', '25d55ad283aa400af464c76d713c07ad', '32', 'dde', NULL, NULL, '11', '33232322', 1, 0, NULL, '2018-05-04 15:57:47', '2018-05-04 15:57:47', 1, NULL),
(24, 'tester', 'tostshsxdxserxsemail@gmail.com', '25d55ad283aa400af464c76d713c07ad', '32', 'dde', NULL, NULL, NULL, '33232322', 1, 0, NULL, '2018-05-06 05:06:12', '2018-05-06 05:06:12', 1, NULL),
(25, 'tester', 'tostshsxdxsssewwrxsemail@gmail.com', '25d55ad283aa400af464c76d713c07ad', '32', 'dde', NULL, NULL, NULL, '33232333', 1, 0, NULL, '2018-05-06 15:37:26', '2018-05-06 15:37:26', 1, NULL),
(26, 'tester', 'tostshsssxdxsssewwrxsemail@gmail.com', '25d55ad283aa400af464c76d713c07ad', '32', 'dde', NULL, NULL, NULL, '33232333', 1, 0, NULL, '2018-05-06 15:51:48', '2018-05-06 15:51:48', 1, NULL),
(27, 'mujahid', 'mugahid@gmail.com', '5c66038c973ac3fb640799955645911b', '32.4663615', '32.4663615', NULL, NULL, NULL, '0912344444444', 1, 0, NULL, '2018-05-06 16:11:41', '2018-05-06 16:11:41', 1, NULL),
(28, 'mujahid', 'mugahid2@gmail.com', '5c66038c973ac3fb640799955645911b', '32.4663615', '32.4663615', NULL, NULL, NULL, '0912344444444', 1, 0, NULL, '2018-05-06 16:21:36', '2018-05-06 16:21:36', 1, NULL),
(29, 'mojaaahed', 'mugahid6@gmail.com', '5c66038c973ac3fb640799955645911b', '32.4663615', '32.4663615', NULL, NULL, NULL, '0912344444444', 1, 0, NULL, '2018-05-06 16:25:13', '2018-05-06 16:25:13', 1, NULL),
(30, 'uuuuuu', 'mugahid9@gmail.com', '5c66038c973ac3fb640799955645911b', '32.4663615', '32.4663615', NULL, NULL, NULL, '0912344444444', 1, 0, NULL, '2018-05-06 16:26:35', '2018-05-06 16:26:35', 1, NULL),
(31, 'uyyyyyy', 'mugahid666@gmail.com', '5c66038c973ac3fb640799955645911b', '32.4663615', '32.4663615', NULL, NULL, NULL, '0912344444444', 1, 0, NULL, '2018-05-06 16:29:58', '2018-05-06 16:29:58', 1, NULL),
(32, 'yyyyy77hh', 'mugahid666yyy@gmail.com', '5c66038c973ac3fb640799955645911b', '32.4663615', '32.4663615', NULL, NULL, NULL, '0912344444444', 1, 0, NULL, '2018-05-06 16:31:10', '2018-05-06 16:31:10', 1, NULL),
(33, 'yyyyhhgygygyugyugy', 'mugahid666yyyyyyiiiii@gmail.com', '5c66038c973ac3fb640799955645911b', '32.4663615', '32.4663615', NULL, NULL, NULL, '0912344444444', 1, 0, NULL, '2018-05-06 16:41:19', '2018-05-06 16:41:19', 1, NULL),
(34, 'ali', 'mugahid666yyyyyyiyyyiiii@gmail.com', '5c66038c973ac3fb640799955645911b', '32.4663615', '32.4663615', NULL, NULL, NULL, '0912344444444', 1, 0, NULL, '2018-05-06 16:42:46', '2018-05-06 16:42:46', 1, NULL),
(35, 'hassan', 'mugahid666yyyyyyiyyyiiiyyyi@gmail.com', '5c66038c973ac3fb640799955645911b', '32.4663615', '32.4663615', NULL, NULL, NULL, '0912344444444', 1, 0, NULL, '2018-05-06 16:44:54', '2018-05-06 16:44:54', 1, NULL),
(36, 'omer', 'mugahid666tyyttyyyyyyiyyyiiiyyyi@gmail.com', '5c66038c973ac3fb640799955645911b', '32.4663615', '32.4663615', NULL, NULL, NULL, '0912344444444', 1, 0, NULL, '2018-05-06 16:47:34', '2018-05-06 16:47:34', 1, NULL),
(37, 'johm', 'mugahid666tyyttyhhhyyyyyyiyyyiiiyyyi@gmail.com', '5c66038c973ac3fb640799955645911b', '32.4663615', '32.4663615', NULL, NULL, NULL, '0912344444444', 1, 0, NULL, '2018-05-06 16:49:11', '2018-05-06 16:49:11', 1, NULL),
(38, 'salah', 'mugahid666tyyttyhhyuhyyyyyyiyyyiiiyyyi@gmail.com', '5c66038c973ac3fb640799955645911b', '32.4663615', '32.4663615', NULL, NULL, NULL, '0912344444444', 1, 0, NULL, '2018-05-06 16:50:25', '2018-05-06 16:50:25', 1, NULL),
(39, 'hhhhlll', 'mugahid666tyyttyhhyuhhhyyyyyyiyyyiiiyyyi@gmail.com', '5c66038c973ac3fb640799955645911b', '32.4663615', '32.4663615', NULL, NULL, NULL, '0912344444444', 1, 0, NULL, '2018-05-06 16:55:25', '2018-05-06 16:55:25', 1, NULL),
(40, 'osman', 'mugahid666gggtyyttyhhyuhhhyyyyyyiyyyiiiyyyi@gmail.com', '5c66038c973ac3fb640799955645911b', '32.4663615', '32.4663615', NULL, NULL, NULL, '0912344444444', 1, 0, NULL, '2018-05-06 16:58:38', '2018-05-06 16:58:38', 1, NULL),
(41, 'tester', 'toeestshsssddxdxsssewwrxsemail@gmail.com', '25d55ad283aa400af464c76d713c07ad', '32', 'dde', NULL, NULL, NULL, '33232333', 1, 0, NULL, '2018-05-06 20:28:30', '2018-05-06 20:28:30', 1, NULL),
(42, 'tester', 'toeestshsssddxzzdxsssewwrxsemail@gmail.com', '25d55ad283aa400af464c76d713c07ad', '32', 'dde', NULL, NULL, NULL, '33232333', 1, 1, NULL, '2018-05-06 20:31:57', '2018-05-06 20:31:57', 1, NULL),
(43, 'ali', 'muga@gmail.com', '5c66038c973ac3fb640799955645911b', '32.4663615', '32.4663615', 'bahri', 'devolper', '1526745531.jpg', '0912344444444', 1, 1, NULL, '2018-05-06 20:45:28', '2018-05-19 20:28:52', 1, 'xxxxxxxxxxxxx'),
(44, 'muga@gmail.com', 'mugaa@gmail.com', '5c66038c973ac3fb640799955645911b', '32.4663615', '32.4663615', NULL, NULL, NULL, '6666609099099', 1, 1, NULL, '2018-05-07 12:44:17', '2018-05-07 12:44:17', 1, NULL),
(45, 'muga@gmail.com', 'mugajnhjnhjnhj@gmail.com', '5c66038c973ac3fb640799955645911b', '32.4663615', '32.4663615', NULL, NULL, NULL, '777898989800', 1, 1, NULL, '2018-05-07 12:52:08', '2018-05-07 12:52:08', 1, NULL),
(46, 'mugaghhjj@gmail.com', 'mugajjkjk@gmail.com', '5c66038c973ac3fb640799955645911b', '32.4663615', '32.4663615', NULL, NULL, NULL, '777777678786789', 1, 1, NULL, '2018-05-07 12:55:01', '2018-05-07 12:55:01', 1, NULL),
(47, 'muga@gmail.com', 'yuyhuihuihujmuga@gmail.com', '5c66038c973ac3fb640799955645911b', '32.4663615', '32.4663615', NULL, NULL, NULL, '677868979878', 1, 1, NULL, '2018-05-07 12:56:15', '2018-05-07 12:56:15', 1, NULL),
(48, 'muga@gmail.com', 'huhuhumuga@gmail.com', '5c66038c973ac3fb640799955645911b', '32.4663615', '32.4663615', NULL, NULL, NULL, '67676786898', 1, 1, NULL, '2018-05-07 13:33:14', '2018-05-07 13:33:14', 1, NULL),
(49, 'muggsgsggsca@gmail.com', 'mugbzbsbzbha@gmail.com', '5c66038c973ac3fb640799955645911b', '32.4663615', '32.4663615', NULL, NULL, NULL, '2555877755555', 1, 1, NULL, '2018-05-09 18:14:38', '2018-05-09 18:14:38', 1, NULL),
(50, 'tester', 'testl@gmail.com', '25d55ad283aa400af464c76d713c07ad', '32', 'dde', NULL, NULL, NULL, '33232333', 1, 1, NULL, '2018-05-11 15:09:54', '2018-05-11 15:09:54', 1, NULL),
(51, 'tester', 'tesstl@gmail.com', '25d55ad283aa400af464c76d713c07ad', '32', 'dde', NULL, NULL, 'avatar.png', '33232333', 1, 1, NULL, '2018-05-11 15:18:01', '2018-05-11 15:18:01', 1, NULL),
(52, 'tester', 'tessstl@gmail.com', '25d55ad283aa400af464c76d713c07ad', '32', 'dde', NULL, NULL, 'avatar.png', '33232333', 1, 1, NULL, '2018-05-11 15:19:12', '2018-05-11 15:19:12', 1, NULL),
(53, 'tester', 'tesasstl@gmail.com', '25d55ad283aa400af464c76d713c07ad', '32', 'dde', NULL, NULL, '1526051966.png', '33232333', 1, 1, NULL, '2018-05-11 15:19:26', '2018-05-11 15:19:26', 1, NULL),
(54, 'tester', 'tesassggtl@gmail.com', '25d55ad283aa400af464c76d713c07ad', '32', 'dde', NULL, NULL, '1526052636.png', '33232333', 1, 1, NULL, '2018-05-11 15:30:36', '2018-05-11 15:30:36', 1, NULL),
(55, 'hi', 'mu@muh.com', 'd69d6656a00396f0fa07364285ec7734', '32.4663615', '32.4663615', NULL, NULL, '1526141798.jpg', '56565678786767867', 1, 1, NULL, '2018-05-12 16:16:11', '2018-05-12 16:16:38', 1, NULL),
(56, 'hi', 'm@gmail.com', 'd69d6656a00396f0fa07364285ec7734', '32.4663615', '32.4663615', NULL, NULL, 'avatar.png', '7777768687', 1, 1, NULL, '2018-05-13 01:27:22', '2018-05-13 01:27:22', 1, NULL),
(57, 'userr', 'jhjh@gmail.com', 'd69d6656a00396f0fa07364285ec7734', '32.4663615', '32.4663615', NULL, NULL, 'avatar.png', '6666676767', 1, 1, NULL, '2018-05-13 01:28:06', '2018-05-13 01:28:06', 1, NULL),
(61, 'ali', 'ali4desgin@gmail.com', '25d55ad283aa400af464c76d713c07ad', '32.4663615', '32.4663615', NULL, NULL, 'avatar.png', '0966324018', 1, 1, NULL, '2018-05-13 08:00:41', '2018-05-13 08:00:41', 1, NULL),
(63, 'somle', 'ramohamed567@gmil.com', '7e23db97b57bbde6eafc18869c30cc0e', '32.4663615', '32.4663615', NULL, NULL, 'avatar.png', '0911382553', 1, 1, NULL, '2018-05-13 08:40:23', '2018-05-13 08:40:23', 1, NULL),
(64, 'mohamed', 'Mohammad@yahoo.com', '225f667d9243201a6b2b35e008ebe3d3', '32.4663615', '32.4663615', NULL, NULL, 'avatar.png', '0911382553', 2, 0, NULL, '2018-05-13 08:41:48', '2018-05-18 05:08:46', 2, NULL),
(65, 'ali', 'somplethier@yahoo.com', '36b68ce2248c816ac24164ef6f3bb9aa', '32.4663615', '32.4663615', NULL, NULL, 'avatar.png', '0911382553', 2, 0, NULL, '2018-05-13 18:06:36', '2018-05-18 05:10:57', 2, NULL),
(66, 'Mohammed', 'sudanet@live.com', '9c72446df124ddf214b698c1e2312371', '32.4663615', '32.4663615', NULL, NULL, 'avatar.png', '0912382456', 2, 1, NULL, '2018-05-15 14:31:45', '2018-05-15 14:31:45', 2, NULL),
(67, 'azaz', 'dfhhfdfg@hotmaul.com', '25f9e794323b453885f5181f1b624d0b', '32.4663615', '32.4663615', NULL, NULL, 'avatar.png', '0912511493', 2, 0, NULL, '2018-05-15 14:40:58', '2018-05-18 05:08:48', 2, NULL),
(68, 'fhhffg', 'sffdd@yahoo.com', 'fcea920f7412b5da7be0cf42b8c93759', '32.4663615', '32.4663615', NULL, NULL, 'avatar.png', '0912354682', 2, 1, NULL, '2018-05-15 18:36:58', '2018-05-15 18:36:58', 2, NULL),
(69, 'ali', 'somplet@yahoo.com', '25d55ad283aa400af464c76d713c07ad', '32.4663615', '32.4663615', NULL, NULL, 'avatar.png', '0912511493', 2, 1, NULL, '2018-05-15 19:04:11', '2018-05-18 05:11:17', 2, NULL),
(70, 'dfg', 'daafr@gmail.com', '86bd7a27f3c2d18dab57138256d06521', '32.4663615', '32.4663615', NULL, NULL, 'avatar.png', '09129702030', 2, 1, NULL, '2018-05-16 07:07:29', '2018-05-16 07:07:29', 2, NULL),
(71, 'rafa', 'ramohamed875@yahoo.com', '6fb42da0e32e07b61c9f0251fe627a9c', '32.4663615', '32.4663615', NULL, NULL, 'avatar.png', '09129704030', 1, 1, NULL, '2018-05-16 07:11:23', '2018-05-16 07:11:23', 1, NULL),
(72, 'reda', 'reda@yahoo.cim', '75f34b5502bec3c609734fdf4d37fa5c', '32.4663615', '32.4663615', NULL, NULL, 'avatar.png', '09111382553', 2, 1, NULL, '2018-05-16 07:15:36', '2018-05-16 07:15:36', 2, NULL),
(73, '12345678', 'osam@gmail.com', '25d55ad283aa400af464c76d713c07ad', '32.4663615', '32.4663615', NULL, NULL, 'avatar.png', '686888', 1, 1, NULL, '2018-05-16 21:16:39', '2018-05-16 21:16:39', 1, NULL),
(74, 'علي عبدالله', 'osama123@132.cin', '5c45148fa0fb203598b3551b22ff4a23', '32.4663615', '32.4663615', 'الخرطوم', 'جااااري', 'avatar.png', '7777', 2, 1, NULL, '2018-05-17 15:26:55', '2018-05-20 03:16:17', 2, NULL),
(75, 'amar', 'amar@yahoo.com', '5f1ac1104574bff69b6b69303032e34d', '32.4663615', '32.4663615', NULL, NULL, 'avatar.png', '0127450528', 2, 1, NULL, '2018-05-17 17:37:30', '2018-05-17 17:37:30', 2, NULL),
(76, 'rafa', 'somplei@yahoo.com', '52667908595cd9ee9fa09dad52b974fb', '32.4663615', '32.4663615', NULL, NULL, 'avatar.png', '0911382553', 2, 1, NULL, '2018-05-17 17:42:38', '2018-05-17 17:42:38', 2, NULL),
(77, 'cata', 'mohamed@hotmail.com', 'e807f1fcf82d132f9bb018ca6738a19f', '32.4663615', '32.4663615', NULL, NULL, 'avatar.png', '09122004463', 1, 1, NULL, '2018-05-17 17:44:43', '2018-05-17 17:44:43', 1, NULL),
(79, 'abomazin', 'ramahs12@gmail.com', 'c6a966f5775c32997255eeb3cf33d869', '32.4663615', '32.4663615', NULL, NULL, 'avatar.png', '249912160932', 1, 1, NULL, '2018-05-18 13:33:43', '2018-05-18 13:33:43', 1, NULL),
(80, 'm', 'mmmm@m.m', 'd69d6656a00396f0fa07364285ec7734', '32.4663615', '32.4663615', NULL, NULL, 'avatar.png', '6766766678687678', 2, 1, NULL, '2018-05-19 02:26:12', '2018-05-19 02:26:12', 2, NULL),
(81, 'm', 'musa@gmail.com', 'd69d6656a00396f0fa07364285ec7734', '32.4663615', '32.4663615', NULL, NULL, 'avatar.png', '66666667565876', 1, 1, NULL, '2018-05-19 02:38:29', '2018-05-19 02:38:29', 1, NULL),
(82, 'mum', 'mom@gmail.com', 'd69d6656a00396f0fa07364285ec7734', '32.4663615', '32.4663615', NULL, NULL, '1526745244.jpg', '666555', 1, 1, NULL, '2018-05-19 15:53:53', '2018-05-19 15:54:04', 1, NULL),
(83, 'حسن', 'omer@gmail.com', 'd69d6656a00396f0fa07364285ec7734', '32.4663615', '32.4663615', NULL, 'فرحان', '1526841340.jpg', '7777', 1, 1, NULL, '2018-05-19 15:54:44', '2018-05-20 18:35:40', 1, NULL),
(84, 'mujahid', 'mugahid808@gmail.com', 'd69d6656a00396f0fa07364285ec7734', '32.4663615', '32.4663615', 'bahri', 'ديف', '1527570568.jpg', '66', 1, 1, NULL, '2018-05-19 18:07:59', '2018-06-01 03:59:45', 1, '7f249c70-6fcb-4cca-b521-07e56cc364e9'),
(85, 'علي عبدالله', 'tager@gmail.com', 'fcea920f7412b5da7be0cf42b8c93759', '32.4663615', '32.4663615', 'الخوطوم السوق العربي', 'حديث في الشغل دا', '1526787212.jpg', '0966324018', 1, 1, NULL, '2018-05-20 03:18:48', '2018-05-20 03:50:55', 1, '123456'),
(86, 'ygr', 'tgr@gmail.com', 'fcea920f7412b5da7be0cf42b8c93759', '32.4663615', '32.4663615', NULL, NULL, 'avatar.png', '0966324018', 1, 1, NULL, '2018-05-20 03:53:49', '2018-05-20 03:53:49', 1, NULL),
(87, 'mug', 'm@hhh.com', 'd69d6656a00396f0fa07364285ec7734', '32.4663615', '32.4663615', NULL, NULL, 'avatar.png', '7777766666', 2, 1, NULL, '2018-05-24 02:38:24', '2018-05-24 02:38:24', 2, NULL),
(88, 'info', 'info@tester.com', 'fcea920f7412b5da7be0cf42b8c93759', '32.4663615', '32.4663615', NULL, NULL, '1527284258.jpg', '010010', 1, 1, NULL, '2018-05-25 21:05:57', '2018-05-25 21:37:38', 1, NULL),
(89, 'payer', 'payer@gmail.com', '25d55ad283aa400af464c76d713c07ad', '32.4663615', '32.4663615', NULL, NULL, '1527540998.jpg', '0966324018', 1, 1, NULL, '2018-05-28 20:54:41', '2018-05-28 20:56:38', 1, NULL),
(90, 'gg', 'mm@mmm.com', '3232ef08c1d494a06e314e21e7503b27', '32.4663615', '32.4663615', NULL, NULL, 'avatar.png', '555555555', 1, 1, NULL, '2018-05-28 21:59:05', '2018-05-28 21:59:05', 1, NULL),
(91, 'hiuu', 'muga@hm.com', '40b189f554d0976cf6dc14f3efdff123', '32.4663615', '32.4663615', NULL, NULL, 'avatar.png', '76767867865', 1, 1, NULL, '2018-05-29 00:47:27', '2018-05-29 00:47:27', 1, NULL),
(92, 'Mika', 'mugaaq@gmail.com', 'd69d6656a00396f0fa07364285ec7734', '32.4663615', '32.4663615', 'بحري', 'لا', '1527567713.jpg', '85558088888', 1, 1, NULL, '2018-05-29 04:08:00', '2018-05-29 04:21:53', 1, NULL),
(93, 'hhhhh', 'mug@hh.com', 'd69d6656a00396f0fa07364285ec7734', '32.4663615', '32.4663615', NULL, NULL, 'avatar.png', '77668778677', 1, 1, NULL, '2018-05-30 01:56:17', '2018-05-30 01:56:17', 1, NULL),
(94, 'mojojoj', 'mugahi@gmail.com', '6545739ded8d31bfe1cb64c257e83b72', '32.4663615', '32.4663615', NULL, NULL, 'avatar.png', '5558855', 1, 1, NULL, '2018-05-30 02:03:08', '2018-05-30 02:03:08', 1, NULL),
(95, 'seller', 'seller@seller.com', 'fcea920f7412b5da7be0cf42b8c93759', '32.4663615', '32.4663615', NULL, NULL, 'avatar.png', '0966324018', 2, 1, NULL, '2018-05-30 12:19:13', '2018-05-30 12:19:13', 2, NULL),
(96, 'payer', 'payer@payer.com', 'fcea920f7412b5da7be0cf42b8c93759', '32.4663615', '32.4663615', NULL, NULL, '1527749156.jpg', '0966324019', 1, 1, NULL, '2018-05-30 12:22:03', '2018-05-31 06:52:11', 1, '6f766ae2-37fc-4c64-ad31-7cf6df6e4825'),
(97, 'abulgasemali', 'abulgasem33440@gmail.com', '4c65520b0ded799f05f09c24077e393d', '32.4663615', '32.4663615', NULL, NULL, 'avatar.png', '0916045644', 2, 1, NULL, '2018-05-30 14:43:23', '2018-05-30 14:43:23', 2, NULL),
(98, 'عبدالله أحمد عبدالله ابراهيم', 'abdullh415@yahoo.com', '33dda71ef6c3a5e473397b60e987225f', '32.4663615', '32.4663615', NULL, NULL, 'avatar.png', '0918489827', 1, 1, NULL, '2018-05-30 17:09:58', '2018-05-30 17:12:01', 1, '3433ed5c-8c36-42ce-a3bf-ef5cb0e5bebf'),
(99, 'hfvjjhb', 'hithere@hi.com', 'd69d6656a00396f0fa07364285ec7734', '32.4663615', '32.4663615', NULL, NULL, 'avatar.png', '333333', 1, 1, NULL, '2018-05-31 06:35:53', '2018-05-31 06:35:53', 1, NULL),
(100, 'اسامه حسن', 'osama@osama.com', 'c70e35cf27a6377c263abaf40a6d511b', '32.4663615', '32.4663615', NULL, NULL, 'avatar.png', '0115913381', 2, 1, NULL, '2018-05-31 06:49:57', '2018-05-31 06:49:57', 2, NULL),
(101, 'hit', 'mugahi@hi.com', 'd69d6656a00396f0fa07364285ec7734', '32.4663615', '32.4663615', NULL, NULL, 'avatar.png', '249116761547', 1, 1, NULL, '2018-06-01 23:59:39', '2018-06-01 23:59:39', 1, NULL),
(102, 'missed', 'mugshot@mug.com', 'd69d6656a00396f0fa07364285ec7734', '32.4663615', '32.4663615', NULL, NULL, '1528080984.jpg', '+249116761547', 1, 1, NULL, '2018-06-03 02:17:53', '2018-06-04 02:56:24', 1, 'cBKg-0baDU8:APA91bGq-bUvmmg3b_cfFe1LadCrPYV6atI6qKZminkGrZloQFfpvHjxyV2jC2_XY9Q_G8vdbimFA53Leg6gQJt_CxNBS_yBS5mKh7vHFtLskFEhWLjwIubw0oD-DB1hCHKt1xN89CnJ'),
(103, 'mujahid', 'my@my.com', 'd69d6656a00396f0fa07364285ec7734', '32.4663615', '32.4663615', NULL, NULL, 'avatar.png', '+249116761547', 1, 1, NULL, '2018-06-04 00:13:55', '2018-06-04 00:13:55', 1, NULL),
(104, NULL, NULL, NULL, NULL, NULL, NULL, NULL, NULL, '249966324018', NULL, 1, NULL, '2018-06-04 00:16:45', '2018-06-04 00:16:45', NULL, NULL),
(105, NULL, NULL, NULL, NULL, NULL, NULL, NULL, NULL, '249966324010', NULL, 1, NULL, '2018-06-04 00:20:05', '2018-06-04 00:20:05', NULL, NULL),
(106, NULL, NULL, NULL, NULL, NULL, NULL, NULL, NULL, '249966324318', NULL, 1, NULL, '2018-06-04 00:21:02', '2018-06-04 00:21:02', NULL, NULL),
(107, NULL, NULL, NULL, NULL, NULL, NULL, NULL, NULL, '+249116761548', NULL, 1, NULL, '2018-06-04 00:37:51', '2018-06-04 00:37:51', NULL, NULL),
(108, NULL, NULL, NULL, NULL, NULL, NULL, NULL, NULL, '+249116761540', NULL, 1, NULL, '2018-06-04 00:38:04', '2018-06-04 00:38:04', NULL, NULL),
(109, NULL, NULL, NULL, NULL, NULL, NULL, NULL, NULL, '+24911676156', NULL, 1, NULL, '2018-06-04 00:38:20', '2018-06-04 00:38:20', NULL, NULL),
(110, NULL, NULL, NULL, NULL, NULL, NULL, NULL, NULL, '+24911676121', NULL, 1, NULL, '2018-06-04 00:38:33', '2018-06-04 00:38:33', NULL, NULL),
(111, 'Mikado', 'muga@mug.com', 'd69d6656a00396f0fa07364285ec7734', '32.4663615', '32.4663615', NULL, NULL, 'avatar.png', '+249116761547', 1, 1, NULL, '2018-06-04 00:51:49', '2018-06-04 01:14:51', 1, 'cBvt5lyxkPE:APA91bHsC4ifqUH4DsRJye-0CX7O54Wj5ryA-I2RsEFAyavPNAgZxNN2zENcpBQjINWnKcWM3kCN3fo9BcQ5bT9MDQsNP4gZr_80KEihAhO9krUyRTCUA2OsesWiJ47-QSqXBM6N6H9-'),
(112, NULL, NULL, NULL, NULL, NULL, NULL, NULL, NULL, '+249110047122', NULL, 1, NULL, '2018-06-04 01:36:18', '2018-06-04 01:36:18', NULL, NULL),
(113, NULL, NULL, NULL, NULL, NULL, NULL, NULL, NULL, '+249966324018', NULL, 1, NULL, '2018-06-04 10:59:10', '2018-06-04 10:59:10', NULL, NULL),
(114, 'alakh', NULL, NULL, '32.4663615', '32.4663615', NULL, NULL, 'avatar.png', '+249966324018', 1, 1, NULL, '2018-06-04 22:37:42', '2018-06-04 22:37:42', 1, NULL),
(115, 'alj', NULL, NULL, '32.4663615', '32.4663615', NULL, NULL, 'avatar.png', '+971567031319', 1, 1, NULL, '2018-06-04 22:38:40', '2018-06-04 22:38:40', 1, NULL);

--
-- Indexes for dumped tables
--

--
-- Indexes for table `categories`
--
ALTER TABLE `categories`
  ADD PRIMARY KEY (`id`);

--
-- Indexes for table `images`
--
ALTER TABLE `images`
  ADD PRIMARY KEY (`id`);

--
-- Indexes for table `items`
--
ALTER TABLE `items`
  ADD PRIMARY KEY (`id`);

--
-- Indexes for table `orders`
--
ALTER TABLE `orders`
  ADD PRIMARY KEY (`id`);

--
-- Indexes for table `subcategories`
--
ALTER TABLE `subcategories`
  ADD PRIMARY KEY (`id`);

--
-- Indexes for table `users`
--
ALTER TABLE `users`
  ADD PRIMARY KEY (`id`);

--
-- AUTO_INCREMENT for dumped tables
--

--
-- AUTO_INCREMENT for table `categories`
--
ALTER TABLE `categories`
  MODIFY `id` int(11) NOT NULL AUTO_INCREMENT, AUTO_INCREMENT=16;

--
-- AUTO_INCREMENT for table `images`
--
ALTER TABLE `images`
  MODIFY `id` int(11) NOT NULL AUTO_INCREMENT, AUTO_INCREMENT=12;

--
-- AUTO_INCREMENT for table `items`
--
ALTER TABLE `items`
  MODIFY `id` int(11) NOT NULL AUTO_INCREMENT, AUTO_INCREMENT=81;

--
-- AUTO_INCREMENT for table `orders`
--
ALTER TABLE `orders`
  MODIFY `id` int(11) NOT NULL AUTO_INCREMENT, AUTO_INCREMENT=132;

--
-- AUTO_INCREMENT for table `subcategories`
--
ALTER TABLE `subcategories`
  MODIFY `id` int(11) NOT NULL AUTO_INCREMENT, AUTO_INCREMENT=42;

--
-- AUTO_INCREMENT for table `users`
--
ALTER TABLE `users`
  MODIFY `id` int(11) NOT NULL AUTO_INCREMENT, AUTO_INCREMENT=116;
COMMIT;

/*!40101 SET CHARACTER_SET_CLIENT=@OLD_CHARACTER_SET_CLIENT */;
/*!40101 SET CHARACTER_SET_RESULTS=@OLD_CHARACTER_SET_RESULTS */;
/*!40101 SET COLLATION_CONNECTION=@OLD_COLLATION_CONNECTION */;
